{
  "min": -19.747103705882353,
  "zScale": 8.505191967294731
}