{
  "top": 27902.950025351252,
  "right": -25461.451484132052,
  "bottom": 26701.950025351252,
  "left": -26662.451484132052
}